{
  "courses": [
    {
      "CourseName": "Ataturk’s Principles and the History of Turkish Renovation I",
      "CourseCode": "ATA121",
      "Credit": 2,
      "PrerequisiteCourseCodes": [
        ""
      ],
      "courseSessions": 1,
      "requiredCredits": 0,
      "courseSemester": 1,
      "courseType": "Mandatory",
      "courseCurrentStudentNumber": 0
    },
    {
      "CourseName": "Basic Chemistry",
      "CourseCode": "CHEM1007",
      "Credit": 6,
      "PrerequisiteCourseCodes": [
        ""
      ],
      "courseSessions": 1,
      "requiredCredits": 0,
      "courseSemester": 1,
      "courseType": "Mandatory",
      "courseCurrentStudentNumber": 0
    },
    {
      "CourseName": "Introduction to Computer Eng.",
      "CourseCode": "CSE1100",
      "Credit": 2,
      "PrerequisiteCourseCodes": [
        ""
      ],
      "courseSessions": 1,
      "requiredCredits": 0,
      "courseSemester": 1,
      "courseType": "Mandatory",
      "courseCurrentStudentNumber": 0
    },
    {
      "CourseName": "Computer Programming I",
      "CourseCode": "CSE1141",
      "Credit": 6,
      "PrerequisiteCourseCodes": [
        ""
      ],
      "courseSessions": 1,
      "requiredCredits": 0,
      "courseSemester": 1,
      "courseType": "Mandatory",
      "courseCurrentStudentNumber": 0
    },
    {
      "CourseName": "Calculus I",
      "CourseCode": "MATH1001",
      "Credit": 6,
      "PrerequisiteCourseCodes": [
        ""
      ],
      "courseSessions": 1,
      "requiredCredits": 0,
      "courseSemester": 1,
      "courseType": "Mandatory",
      "courseCurrentStudentNumber": 0
    },
    {
      "CourseName": "Physics I",
      "CourseCode": "PHYS1101",
      "Credit": 4,
      "PrerequisiteCourseCodes": [
        ""
      ],
      "courseSessions": 1,
      "requiredCredits": 0,
      "courseSemester": 1,
      "courseType": "Mandatory",
      "courseCurrentStudentNumber": 0
    },
    {
      "CourseName": "Physics Lab I",
      "CourseCode": "PHYS1103",
      "Credit": 2,
      "PrerequisiteCourseCodes": [
        ""
      ],
      "courseSessions": 1,
      "requiredCredits": 0,
      "courseSemester": 1,
      "courseType": "Mandatory",
      "courseCurrentStudentNumber": 0
    },
    {
      "CourseName": "Turkish Language I",
      "CourseCode": "TRD121",
      "Credit": 2,
      "PrerequisiteCourseCodes": [
        ""
      ],
      "courseSessions": 1,
      "requiredCredits": 0,
      "courseSemester": 1,
      "courseType": "Mandatory",
      "courseCurrentStudentNumber": 0
    },
    {
      "CourseName": "Ataturk’s Principles and the History of Turkish Renovation II",
      "CourseCode": "ATA122",
      "Credit": 2,
      "PrerequisiteCourseCodes": [
        ""
      ],
      "courseSessions": 1,
      "requiredCredits": 0,
      "courseSemester": 2,
      "courseType": "Mandatory",
      "courseCurrentStudentNumber": 0
    },
    {
      "CourseName": "Computer Programming II",
      "CourseCode": "CSE1142",
      "Credit": 6,
      "PrerequisiteCourseCodes": [
        "CSE1141"
      ],
      "courseSessions": 1,
      "requiredCredits": 0,
      "courseSemester": 2,
      "courseType": "Mandatory",
      "courseCurrentStudentNumber": 0
    },
    {
      "CourseName": "Calculus II",
      "CourseCode": "MATH1002",
      "Credit": 6,
      "PrerequisiteCourseCodes": [
        ""
      ],
      "courseSessions": 1,
      "requiredCredits": 0,
      "courseSemester": 2,
      "courseType": "Mandatory",
      "courseCurrentStudentNumber": 0
    },
    {
      "CourseName": "Linear Algebra for Computer Engineering",
      "CourseCode": "MATH2256",
      "Credit": 5,
      "PrerequisiteCourseCodes": [
        ""
      ],
      "courseSessions": 1,
      "requiredCredits": 0,
      "courseSemester": 2,
      "courseType": "Mandatory",
      "courseCurrentStudentNumber": 0
    },
    {
      "CourseName": "Physics II",
      "CourseCode": "PHYS1102",
      "Credit": 4,
      "PrerequisiteCourseCodes": [
        ""
      ],
      "courseSessions": 1,
      "requiredCredits": 0,
      "courseSemester": 2,
      "courseType": "Mandatory",
      "courseCurrentStudentNumber": 0
    },
    {
      "CourseName": "Physics Lab II",
      "CourseCode": "PHYS1104",
      "Credit": 2,
      "PrerequisiteCourseCodes": [
        ""
      ],
      "courseSessions": 1,
      "requiredCredits": 0,
      "courseSemester": 2,
      "courseType": "Mandatory",
      "courseCurrentStudentNumber": 0
    },
    {
      "CourseName": "Turkish Language II",
      "CourseCode": "TRD122",
      "Credit": 2,
      "PrerequisiteCourseCodes": [
        ""
      ],
      "courseSessions": 1,
      "requiredCredits": 0,
      "courseSemester": 2,
      "courseType": "Mandatory",
      "courseCurrentStudentNumber": 0
    },
    {
      "CourseName": "Non-Technical Elective - 1",
      "CourseCode": "NTExxx",
      "Credit": 3,
      "PrerequisiteCourseCodes": [
        ""
      ],
      "courseSessions": 1,
      "requiredCredits": 0,
      "courseSemester": 2,
      "courseType": "Mandatory",
      "courseCurrentStudentNumber": 0
    },
    {
      "CourseName": "CSE2023",
      "CourseCode": "Discrete Computational Structures",
      "Credit": 6,
      "PrerequisiteCourseCodes": [
        ""
      ],
      "courseSessions": 1,
      "requiredCredits": 0,
      "courseSemester": 3,
      "courseType": "Mandatory",
      "courseCurrentStudentNumber": 0
    },
    {
      "CourseName": "Data Structures",
      "CourseCode": "CSE2225",
      "Credit": 7,
      "PrerequisiteCourseCodes": [
        "CSE1142"
      ],
      "courseSessions": 1,
      "requiredCredits": 0,
      "courseSemester": 3,
      "courseType": "Mandatory",
      "courseCurrentStudentNumber": 0
    },
    {
      "CourseName": "Engineering Economy",
      "CourseCode": "ECON2004",
      "Credit": 4,
      "PrerequisiteCourseCodes": [
        ""
      ],
      "courseSessions": 1,
      "requiredCredits": 0,
      "courseSemester": 3,
      "courseType": "Mandatory",
      "courseCurrentStudentNumber": 0
    },
    {
      "CourseName": "Electric Circuits",
      "CourseCode": "EE2031",
      "Credit": 5,
      "PrerequisiteCourseCodes": [
        ""
      ],
      "courseSessions": 1,
      "requiredCredits": 0,
      "courseSemester": 3,
      "courseType": "Mandatory",
      "courseCurrentStudentNumber": 0
    },
    {
      "CourseName": "Differential Equations",
      "CourseCode": "MATH2055",
      "Credit": 4,
      "PrerequisiteCourseCodes": [
        ""
      ],
      "courseSessions": 1,
      "requiredCredits": 0,
      "courseSemester": 3,
      "courseType": "Mandatory",
      "courseCurrentStudentNumber": 0
    },
    {
      "CourseName": "Numerical Methods",
      "CourseCode": "MATH2059",
      "Credit": 4,
      "PrerequisiteCourseCodes": [
        ""
      ],
      "courseSessions": 1,
      "requiredCredits": 0,
      "courseSemester": 3,
      "courseType": "Mandatory",
      "courseCurrentStudentNumber": 0
    },
    {
      "CourseName": "Analysis of Algorithms",
      "CourseCode": "CSE2246",
      "Credit": 6,
      "PrerequisiteCourseCodes": [
        "CSE2225"
      ],
      "courseSessions": 1,
      "requiredCredits": 0,
      "courseSemester": 4,
      "courseType": "Mandatory",
      "courseCurrentStudentNumber": 0
    },
    {
      "CourseName": "Systems Programming",
      "CourseCode": "CSE2138",
      "Credit": 7,
      "PrerequisiteCourseCodes": [
        ""
      ],
      "courseSessions": 1,
      "requiredCredits": 0,
      "courseSemester": 4,
      "courseType": "Mandatory",
      "courseCurrentStudentNumber": 0
    },
    {
      "CourseName": "Principles of Programming Languages",
      "CourseCode": "CSE2260",
      "Credit": 4,
      "PrerequisiteCourseCodes": [
        ""
      ],
      "courseSessions": 1,
      "requiredCredits": 0,
      "courseSemester": 4,
      "courseType": "Mandatory",
      "courseCurrentStudentNumber": 0
    },
    {
      "CourseName": "Electronics",
      "CourseCode": "EE2032",
      "Credit": 5,
      "PrerequisiteCourseCodes": [
        ""
      ],
      "courseSessions": 1,
      "requiredCredits": 0,
      "courseSemester": 4,
      "courseType": "Mandatory",
      "courseCurrentStudentNumber": 0
    },
    {
      "CourseName": "Introduction to Probability and Statistics",
      "CourseCode": "STAT2253",
      "Credit": 5,
      "PrerequisiteCourseCodes": [
        ""
      ],
      "courseSessions": 1,
      "requiredCredits": 0,
      "courseSemester": 4,
      "courseType": "Mandatory",
      "courseCurrentStudentNumber": 0
    },
    {
      "CourseName": "Summer Practice I",
      "CourseCode": "CSE3000",
      "Credit": 10,
      "PrerequisiteCourseCodes": [
        ""
      ],
      "courseSessions": 1,
      "requiredCredits": 0,
      "courseSemester": 5,
      "courseType": "Mandatory",
      "courseCurrentStudentNumber": 0
    },
    {
      "CourseName": "Digital Logic Design",
      "CourseCode": "CSE3215",
      "Credit": 6,
      "PrerequisiteCourseCodes": [
        ""
      ],
      "courseSessions": 1,
      "requiredCredits": 0,
      "courseSemester": 5,
      "courseType": "Mandatory",
      "courseCurrentStudentNumber": 0
    },
    {
      "CourseName": "Operating Systems",
      "CourseCode": "CSE3033",
      "Credit": 7,
      "PrerequisiteCourseCodes": [
        ""
      ],
      "courseSessions": 1,
      "requiredCredits": 0,
      "courseSemester": 5,
      "courseType": "Mandatory",
      "courseCurrentStudentNumber": 0
    },
    {
      "CourseName": "Database Systems",
      "CourseCode": "CSE3055",
      "Credit": 7,
      "PrerequisiteCourseCodes": [
        ""
      ],
      "courseSessions": 1,
      "requiredCredits": 0,
      "courseSemester": 5,
      "courseType": "Mandatory",
      "courseCurrentStudentNumber": 0
    },
    {
      "CourseName": "Object-Oriented Software Design",
      "CourseCode": "CSE3063",
      "Credit": 5,
      "PrerequisiteCourseCodes": [
        ""
      ],
      "courseSessions": 1,
      "requiredCredits": 0,
      "courseSemester": 5,
      "courseType": "Mandatory",
      "courseCurrentStudentNumber": 0
    },
    {
      "CourseName": "Modeling and Discrete Simulation",
      "CourseCode": "IE3081",
      "Credit": 4,
      "PrerequisiteCourseCodes": [
        ""
      ],
      "courseSessions": 1,
      "requiredCredits": 0,
      "courseSemester": 5,
      "courseType": "Mandatory",
      "courseCurrentStudentNumber": 0
    },
    {
      "CourseName": "Computer Organization",
      "CourseCode": "CSE3038",
      "Credit": 7,
      "PrerequisiteCourseCodes": [
        ""
      ],
      "courseSessions": 1,
      "requiredCredits": 0,
      "courseSemester": 6,
      "courseType": "Mandatory",
      "courseCurrentStudentNumber": 0
    },
    {
      "CourseName": "Software Engineering",
      "CourseCode": "CSE3044",
      "Credit": 7,
      "PrerequisiteCourseCodes": [
        ""
      ],
      "courseSessions": 1,
      "requiredCredits": 0,
      "courseSemester": 6,
      "courseType": "Mandatory",
      "courseCurrentStudentNumber": 0
    },
    {
      "CourseName": "Introduction to Signals and Systems",
      "CourseCode": "CSE3048",
      "Credit": 5,
      "PrerequisiteCourseCodes": [
        ""
      ],
      "courseSessions": 1,
      "requiredCredits": 0,
      "courseSemester": 6,
      "courseType": "Mandatory",
      "courseCurrentStudentNumber": 0
    },
    {
      "CourseName": "Formal Languages and Automata Theory",
      "CourseCode": "CSE3264",
      "Credit": 5,
      "PrerequisiteCourseCodes": [
        ""
      ],
      "courseSessions": 1,
      "requiredCredits": 0,
      "courseSemester": 6,
      "courseType": "Mandatory",
      "courseCurrentStudentNumber": 0
    },
    {
      "CourseName": "Operations Research",
      "CourseCode": "IE3235",
      "Credit": 4,
      "PrerequisiteCourseCodes": [
        ""
      ],
      "courseSessions": 1,
      "requiredCredits": 0,
      "courseSemester": 6,
      "courseType": "Mandatory",
      "courseCurrentStudentNumber": 0
    },
    {
      "CourseName": "Technical Comm. and Entrepreneurship",
      "CourseCode": "COM2202",
      "Credit": 2,
      "PrerequisiteCourseCodes": [
        ""
      ],
      "courseSessions": 1,
      "requiredCredits": 0,
      "courseSemester": 6,
      "courseType": "Mandatory",
      "courseCurrentStudentNumber": 0
    },
    {
      "CourseName": "Summer Practice II",
      "CourseCode": "CSE4000",
      "Credit": 10,
      "PrerequisiteCourseCodes": [
        ""
      ],
      "courseSessions": 1,
      "requiredCredits": 0,
      "courseSemester": 7,
      "courseType": "Mandatory",
      "courseCurrentStudentNumber": 0
    },
    {
      "CourseName": "Computer Networks",
      "CourseCode": "CSE4074",
      "Credit": 5,
      "PrerequisiteCourseCodes": [
        ""
      ],
      "courseSessions": 1,
      "requiredCredits": 0,
      "courseSemester": 7,
      "courseType": "Mandatory",
      "courseCurrentStudentNumber": 0
    },
    {
      "CourseName": "Principles of Embedded System Design",
      "CourseCode": "CSE4219",
      "Credit": 6,
      "PrerequisiteCourseCodes": [
        ""
      ],
      "courseSessions": 1,
      "requiredCredits": 0,
      "courseSemester": 7,
      "courseType": "Mandatory",
      "courseCurrentStudentNumber": 0
    },
    {
      "CourseName": "Engineering Project I",
      "CourseCode": "CSE4297",
      "Credit": 5,
      "PrerequisiteCourseCodes": [
        ""
      ],
      "courseSessions": 1,
      "requiredCredits": 165,
      "courseSemester": 7,
      "courseType": "Mandatory",
      "courseCurrentStudentNumber": 0
    },
    {
      "CourseName": "Occupational Health and Safety I",
      "CourseCode": "ISG121",
      "Credit": 2,
      "PrerequisiteCourseCodes": [
        ""
      ],
      "courseSessions": 1,
      "requiredCredits": 0,
      "courseSemester": 7,
      "courseType": "Mandatory",
      "courseCurrentStudentNumber": 0
    },
    {
      "CourseName": "Introduction to Machine Learning",
      "CourseCode": "CSE4288",
      "Credit": 5,
      "PrerequisiteCourseCodes": [
        ""
      ],
      "courseSessions": 1,
      "requiredCredits": 0,
      "courseSemester": 7,
      "courseType": "Mandatory",
      "courseCurrentStudentNumber": 0
    },
    {
      "CourseName": "University Elective",
      "CourseCode": "UE",
      "Credit": 3,
      "PrerequisiteCourseCodes": [
        ""
      ],
      "courseSessions": 1,
      "requiredCredits": 0,
      "courseSemester": 7,
      "courseType": "Elective",
      "courseCurrentStudentNumber": 0
    },
    {
      "CourseName": "Technical Elective - 1",
      "CourseCode": "TExxx",
      "Credit": 5,
      "PrerequisiteCourseCodes": [
        ""
      ],
      "courseSessions": 1,
      "requiredCredits": 0,
      "courseSemester": 7,
      "courseType": "Elective",
      "courseCurrentStudentNumber": 0
    },
    {
      "CourseName": "Engineering Project II",
      "CourseCode": "CSE4298",
      "Credit": 5,
      "PrerequisiteCourseCodes": [
        ""
      ],
      "courseSessions": 1,
      "requiredCredits": 0,
      "courseSemester": 8,
      "courseType": "Mandatory",
      "courseCurrentStudentNumber": 0
    },
    {
      "CourseName": "Occupational Health and Safety II",
      "CourseCode": "ISG122",
      "Credit": 2,
      "PrerequisiteCourseCodes": [
        ""
      ],
      "courseSessions": 1,
      "requiredCredits": 0,
      "courseSemester": 8,
      "courseType": "Mandatory",
      "courseCurrentStudentNumber": 0
    },
    {
      "CourseName": "Faculty Technical Electives",
      "CourseCode": "FTExxx",
      "Credit": 5,
      "PrerequisiteCourseCodes": [
        ""
      ],
      "courseSessions": 1,
      "requiredCredits": 0,
      "courseSemester": 8,
      "courseType": "Elective",
      "courseCurrentStudentNumber": 0
    },
    {
      "CourseName": "Non-Technical Elective - 2",
      "CourseCode": "NTExxx",
      "Credit": 3,
      "PrerequisiteCourseCodes": [
        ""
      ],
      "courseSessions": 1,
      "requiredCredits": 0,
      "courseSemester": 8,
      "courseType": "Elective",
      "courseCurrentStudentNumber": 0
    },
    {
      "CourseName": "Technical Elective - 2",
      "CourseCode": "TExxx",
      "Credit": 5,
      "PrerequisiteCourseCodes": [
        ""
      ],
      "courseSessions": 1,
      "requiredCredits": 0,
      "courseSemester": 8,
      "courseType": "Elective",
      "courseCurrentStudentNumber": 0
    },
    {
      "CourseName": "Technical Elective - 3",
      "CourseCode": "TExxx",
      "Credit": 5,
      "PrerequisiteCourseCodes": [
        ""
      ],
      "courseSessions": 1,
      "requiredCredits": 0,
      "courseSemester": 8,
      "courseType": "Elective",
      "courseCurrentStudentNumber": 0
    },
    {
      "CourseName": "Technical Elective - 4",
      "CourseCode": "TExxx",
      "Credit": 5,
      "PrerequisiteCourseCodes": [
        ""
      ],
      "courseSessions": 1,
      "requiredCredits": 0,
      "courseSemester": 8,
      "courseType": "Elective",
      "courseCurrentStudentNumber": 0
    }
  ]
}